{"loss": [0.8616904061548691, 0.6396664673643202, 0.5642605038691255, 0.443389151516619, 0.33822616467109834, 0.27827785961445894, 0.226424417667029, 0.19793770458970125, 0.16941708007312362, 0.15788167832469893, 0.14092243943504917, 0.13044925006168828, 0.11741845793742708, 0.10597198304341941, 0.1012172338581837, 0.09545109707508564, 0.08420323787540805, 0.08088644631023743, 0.06652992281516938, 0.06569137736498881], "acc": [0.5434239174740784, 0.6193452138553155, 0.7011531329560632, 0.7975163290783451, 0.8673090880488726, 0.9000080636831727, 0.9216998630873129, 0.931940972233057, 0.9401257963932653, 0.9431497459738074, 0.9485122165211977, 0.9507297797218829, 0.9571002339722696, 0.9614144021845106, 0.961938553174247, 0.9631884524432145, 0.9675429400181869, 0.9692363520945554, 0.974437545224665, 0.9749616965700778]}